{
  "进入主页" : {
    "transaction" : "进入主页",
    "sampleCount" : 1070,
    "errorCount" : 0,
    "errorPct" : 0.0,
    "meanResTime" : 305.59345794392505,
    "medianResTime" : 229.0,
    "minResTime" : 58.0,
    "maxResTime" : 967.0,
    "pct1ResTime" : 671.6999999999999,
    "pct2ResTime" : 754.4499999999999,
    "pct3ResTime" : 878.1599999999999,
    "throughput" : 8.917261150743382,
    "receivedKBytesPerSec" : 377.1358520255517,
    "sentKBytesPerSec" : 1.0188667525751716
  },
  "Total" : {
    "transaction" : "Total",
    "sampleCount" : 2090,
    "errorCount" : 0,
    "errorPct" : 0.0,
    "meanResTime" : 189.22200956937766,
    "medianResTime" : 102.0,
    "minResTime" : 13.0,
    "maxResTime" : 967.0,
    "pct1ResTime" : 536.0,
    "pct2ResTime" : 677.7999999999993,
    "pct3ResTime" : 832.0900000000001,
    "throughput" : 17.417827855190346,
    "receivedKBytesPerSec" : 555.5139792522626,
    "sentKBytesPerSec" : 2.2142589453880257
  },
  "点击文章/模拟浏览" : {
    "transaction" : "点击文章/模拟浏览",
    "sampleCount" : 1020,
    "errorCount" : 0,
    "errorPct" : 0.0,
    "meanResTime" : 67.14607843137249,
    "medianResTime" : 49.0,
    "minResTime" : 13.0,
    "maxResTime" : 285.0,
    "pct1ResTime" : 148.0,
    "pct2ResTime" : 171.0,
    "pct3ResTime" : 221.57999999999993,
    "throughput" : 8.679152165959005,
    "receivedKBytesPerSec" : 182.12561151593732,
    "sentKBytesPerSec" : 1.220505773337985
  }
}