{
  "进入主页" : {
    "transaction" : "进入主页",
    "sampleCount" : 1027,
    "errorCount" : 0,
    "errorPct" : 0.0,
    "meanResTime" : 625.0379746835441,
    "medianResTime" : 588.0,
    "minResTime" : 68.0,
    "maxResTime" : 1567.0,
    "pct1ResTime" : 1153.0,
    "pct2ResTime" : 1240.6,
    "pct3ResTime" : 1408.88,
    "throughput" : 8.54622617957893,
    "receivedKBytesPerSec" : 361.44367582123243,
    "sentKBytesPerSec" : 0.9764731084089207
  },
  "Total" : {
    "transaction" : "Total",
    "sampleCount" : 2006,
    "errorCount" : 0,
    "errorPct" : 0.0,
    "meanResTime" : 383.9122632103689,
    "medianResTime" : 211.0,
    "minResTime" : 16.0,
    "maxResTime" : 1567.0,
    "pct1ResTime" : 1004.3,
    "pct2ResTime" : 1153.6499999999999,
    "pct3ResTime" : 1318.8600000000001,
    "throughput" : 16.69301822418241,
    "receivedKBytesPerSec" : 532.3980643307398,
    "sentKBytesPerSec" : 2.1221157396812846
  },
  "点击文章/模拟浏览" : {
    "transaction" : "点击文章/模拟浏览",
    "sampleCount" : 979,
    "errorCount" : 0,
    "errorPct" : 0.0,
    "meanResTime" : 130.96424923391234,
    "medianResTime" : 121.0,
    "minResTime" : 16.0,
    "maxResTime" : 419.0,
    "pct1ResTime" : 247.0,
    "pct2ResTime" : 281.0,
    "pct3ResTime" : 365.4000000000003,
    "throughput" : 8.363303974918631,
    "receivedKBytesPerSec" : 175.49773077838952,
    "sentKBytesPerSec" : 1.1760896214729324
  }
}