{
  "进入主页" : {
    "transaction" : "进入主页",
    "sampleCount" : 963,
    "errorCount" : 0,
    "errorPct" : 0.0,
    "meanResTime" : 830.5244029075798,
    "medianResTime" : 851.0,
    "minResTime" : 69.0,
    "maxResTime" : 2253.0,
    "pct1ResTime" : 1372.0,
    "pct2ResTime" : 1525.3999999999999,
    "pct3ResTime" : 1866.0400000000004,
    "throughput" : 7.9925635130761,
    "receivedKBytesPerSec" : 338.02757733977523,
    "sentKBytesPerSec" : 0.9132128232713903
  },
  "Total" : {
    "transaction" : "Total",
    "sampleCount" : 1877,
    "errorCount" : 0,
    "errorPct" : 0.0,
    "meanResTime" : 512.2008524240819,
    "medianResTime" : 280.0,
    "minResTime" : 15.0,
    "maxResTime" : 2253.0,
    "pct1ResTime" : 1234.2,
    "pct2ResTime" : 1375.1999999999998,
    "pct3ResTime" : 1707.22,
    "throughput" : 15.57844414750139,
    "receivedKBytesPerSec" : 497.21152003172546,
    "sentKBytesPerSec" : 1.9799772874874468
  },
  "点击文章/模拟浏览" : {
    "transaction" : "点击文章/模拟浏览",
    "sampleCount" : 914,
    "errorCount" : 0,
    "errorPct" : 0.0,
    "meanResTime" : 176.81181619256012,
    "medianResTime" : 165.5,
    "minResTime" : 15.0,
    "maxResTime" : 933.0,
    "pct1ResTime" : 306.5,
    "pct2ResTime" : 361.5,
    "pct3ResTime" : 576.1000000000001,
    "throughput" : 7.758781684521485,
    "receivedKBytesPerSec" : 162.81213988832957,
    "sentKBytesPerSec" : 1.0910786743858338
  }
}